{
  "cycle_id": "full_test_002",
  "goal_score": 0.7999999999999999,
  "count": 1,
  "results": [
    {
      "score": 0.7999999999999999
    }
  ]
}