{
  "cycle_id": "cycle_test_2",
  "goal_score": 0.7999999999999999,
  "count": 1,
  "results": [
    {
      "improvement_score": 0.7999999999999999
    }
  ]
}