{
  "fetched_at": "2026-06-28T09:52:50.387235+00:00",
  "raw": {
    "SN.ITK.DEFC.ZS": 2.5,
    "AG.PRD.FOOD.XD": 100.74,
    "AG.YLD.CREL.KG": 5223.8,
    "SH.H2O.SMDW.ZS": 96.2070781494387,
    "SP.DYN.LE00.IN": 75.7609756097561,
    "SP.DYN.IMRT.IN": 4.6,
    "SI.POV.GINI": 39.5,
    "SI.POV.DDAY": 1.0,
    "EN.ATM.CO2E.PC": null,
    "EG.USE.COMM.FO.ZS": null,
    "NY.ADJ.DRES.GN.ZS": 0.530094933899043,
    "SE.ADT.LITR.ZS": 98.3499984741211,
    "IT.NET.USER.ZS": 82.438955,
    "IT.NET.BBND.P2": 37.0235717545079,
    "EG.ELC.ACCS.ZS": 100.0,
    "IT.CEL.SETS.P2": 118.067152838789,
    "SP.URB.TOTL.IN.ZS": 73.9499356882481,
    "EG.ELC.RNEW.ZS": 22.1918096199125,
    "SE.PRM.ENRR": 95.2764205932617,
    "NY.GDP.PCAP.PP.KD": 34221.5294617032,
    "SL.UEM.TOTL.ZS": 3.536,
    "NY.GDP.MKTP.KD.ZG": 3.38709063847314,
    "AG.LND.FRST.ZS": 36.2196020633751,
    "NY.ADJ.SVNG.GN.ZS": 8.53148320938121,
    "EG.FEC.RNEW.ZS": 20.4,
    "GOV_WGI_CC.EST": -0.240017999999999,
    "GOV_WGI_GE.EST": 0.0428203,
    "GOV_WGI_RL.EST": -0.0333423,
    "EN.ATM.CO2E.KT": null,
    "SP.POP.TOTL": 6441421.0
  }
}