{
  "fetched_at": "2026-06-28T09:54:45.100043+00:00",
  "raw": {
    "SN.ITK.DEFC.ZS": 2.5,
    "AG.PRD.FOOD.XD": 92.71,
    "AG.YLD.CREL.KG": 7007.3,
    "SH.H2O.SMDW.ZS": 99.9172979459354,
    "SP.DYN.LE00.IN": 80.7926829268293,
    "SP.DYN.IMRT.IN": 3.1,
    "SI.POV.GINI": 33.7,
    "SI.POV.DDAY": 0.7,
    "EN.ATM.CO2E.PC": null,
    "EG.USE.COMM.FO.ZS": null,
    "NY.ADJ.DRES.GN.ZS": 0.0295485628853888,
    "SE.ADT.LITR.ZS": null,
    "IT.NET.USER.ZS": 93.49999579,
    "IT.NET.BBND.P2": 45.6069242965787,
    "EG.ELC.ACCS.ZS": 100.0,
    "IT.CEL.SETS.P2": 129.150921864378,
    "SP.URB.TOTL.IN.ZS": 82.0211432579125,
    "EG.ELC.RNEW.ZS": 39.8305665158005,
    "SE.PRM.ENRR": 102.638023376465,
    "NY.GDP.PCAP.PP.KD": 62554.5547232436,
    "SL.UEM.TOTL.ZS": 3.711,
    "NY.GDP.MKTP.KD.ZG": -0.495851897260366,
    "AG.LND.FRST.ZS": 32.6789342643734,
    "NY.ADJ.SVNG.GN.ZS": 14.5194695108102,
    "EG.FEC.RNEW.ZS": 17.6,
    "GOV_WGI_CC.EST": 1.7734211,
    "GOV_WGI_GE.EST": 1.5462994,
    "GOV_WGI_RL.EST": 1.6257844,
    "EN.ATM.CO2E.KT": null,
    "SP.POP.TOTL": 83516593.0
  }
}