{
  "fetched_at": "2026-06-28T10:08:26.145102+00:00",
  "raw": {
    "SN.ITK.DEFC.ZS": 12.0,
    "AG.PRD.FOOD.XD": 127.82,
    "AG.YLD.CREL.KG": 3632.5,
    "SH.H2O.SMDW.ZS": null,
    "SP.DYN.LE00.IN": 72.235,
    "SP.DYN.IMRT.IN": 23.3,
    "SI.POV.GINI": 25.5,
    "SI.POV.DDAY": 5.3,
    "EN.ATM.CO2E.PC": null,
    "EG.USE.COMM.FO.ZS": null,
    "NY.ADJ.DRES.GN.ZS": 1.62081061089854,
    "SE.ADT.LITR.ZS": 78.1625330351403,
    "IT.NET.USER.ZS": 70.0,
    "IT.NET.BBND.P2": 3.15046250037677,
    "EG.ELC.ACCS.ZS": 99.5,
    "IT.CEL.SETS.P2": 79.3526921826412,
    "SP.URB.TOTL.IN.ZS": 35.3788972368389,
    "EG.ELC.RNEW.ZS": 19.131292447169,
    "SE.PRM.ENRR": 111.033783181676,
    "NY.GDP.PCAP.PP.KD": 9818.04270686639,
    "SL.UEM.TOTL.ZS": 4.219,
    "NY.GDP.MKTP.KD.ZG": 6.49476552383821,
    "AG.LND.FRST.ZS": 24.5390304689576,
    "NY.ADJ.SVNG.GN.ZS": 15.409176052498,
    "EG.FEC.RNEW.ZS": 34.9,
    "GOV_WGI_CC.EST": -0.2953362,
    "GOV_WGI_GE.EST": 0.4046051,
    "GOV_WGI_RL.EST": -0.0392287,
    "EN.ATM.CO2E.KT": null,
    "SP.POP.TOTL": 1450935791.0
  }
}