{
  "fetched_at": "2026-06-28T10:04:05.446832+00:00",
  "raw": {
    "SN.ITK.DEFC.ZS": null,
    "AG.PRD.FOOD.XD": 100.27,
    "AG.YLD.CREL.KG": 6245.1,
    "SH.H2O.SMDW.ZS": 98.7270242077337,
    "SP.DYN.LE00.IN": 84.0363414634146,
    "SP.DYN.IMRT.IN": 1.8,
    "SI.POV.GINI": 32.3,
    "SI.POV.DDAY": 1.2,
    "EN.ATM.CO2E.PC": null,
    "EG.USE.COMM.FO.ZS": null,
    "NY.ADJ.DRES.GN.ZS": 0.0144323671117114,
    "SE.ADT.LITR.ZS": null,
    "IT.NET.USER.ZS": 85.54153081,
    "IT.NET.BBND.P2": null,
    "EG.ELC.ACCS.ZS": 100.0,
    "IT.CEL.SETS.P2": 178.432441299977,
    "SP.URB.TOTL.IN.ZS": 92.1901718034531,
    "EG.ELC.RNEW.ZS": 21.1036678422205,
    "SE.PRM.ENRR": 101.125762939453,
    "NY.GDP.PCAP.PP.KD": 46106.9229230044,
    "SL.UEM.TOTL.ZS": 2.451,
    "NY.GDP.MKTP.KD.ZG": 0.104309021773304,
    "AG.LND.FRST.ZS": 68.3957811364628,
    "NY.ADJ.SVNG.GN.ZS": 3.55101210531503,
    "EG.FEC.RNEW.ZS": 8.8,
    "GOV_WGI_CC.EST": 1.3570132,
    "GOV_WGI_GE.EST": 2.0879101,
    "GOV_WGI_RL.EST": 1.5115753,
    "EN.ATM.CO2E.KT": null,
    "SP.POP.TOTL": 123975371.0
  }
}