{
  "fetched_at": "2026-06-28T10:07:36.583118+00:00",
  "raw": {
    "SN.ITK.DEFC.ZS": 19.9,
    "AG.PRD.FOOD.XD": 119.85,
    "AG.YLD.CREL.KG": 1558.0,
    "SH.H2O.SMDW.ZS": null,
    "SP.DYN.LE00.IN": 54.635,
    "SP.DYN.IMRT.IN": 69.8,
    "SI.POV.GINI": 33.9,
    "SI.POV.DDAY": 41.8,
    "EN.ATM.CO2E.PC": null,
    "EG.USE.COMM.FO.ZS": null,
    "NY.ADJ.DRES.GN.ZS": 2.74097887116957,
    "SE.ADT.LITR.ZS": null,
    "IT.NET.USER.ZS": 41.21139908,
    "IT.NET.BBND.P2": 0.0787379280608494,
    "EG.ELC.ACCS.ZS": 61.2,
    "IT.CEL.SETS.P2": null,
    "SP.URB.TOTL.IN.ZS": 62.9755675573659,
    "EG.ELC.RNEW.ZS": 22.2303049100539,
    "SE.PRM.ENRR": 89.5871124267578,
    "NY.GDP.PCAP.PP.KD": 7994.21563861459,
    "SL.UEM.TOTL.ZS": 3.064,
    "NY.GDP.MKTP.KD.ZG": 4.06236408888319,
    "AG.LND.FRST.ZS": 23.2078900271199,
    "NY.ADJ.SVNG.GN.ZS": 18.459394275535,
    "EG.FEC.RNEW.ZS": 80.3,
    "GOV_WGI_CC.EST": -1.1145909,
    "GOV_WGI_GE.EST": -1.0065889,
    "GOV_WGI_RL.EST": -1.0069453,
    "EN.ATM.CO2E.KT": null,
    "SP.POP.TOTL": 232679478.0
  }
}