{
  "fetched_at": "2026-06-28T10:00:35.162122+00:00",
  "raw": {
    "SN.ITK.DEFC.ZS": 2.5,
    "AG.PRD.FOOD.XD": 100.86,
    "AG.YLD.CREL.KG": 8413.5,
    "SH.H2O.SMDW.ZS": 97.5676884437325,
    "SP.DYN.LE00.IN": 78.890243902439,
    "SP.DYN.IMRT.IN": 5.5,
    "SI.POV.GINI": 41.8,
    "SI.POV.DDAY": 1.1,
    "EN.ATM.CO2E.PC": null,
    "EG.USE.COMM.FO.ZS": null,
    "NY.ADJ.DRES.GN.ZS": 0.81519312438195,
    "SE.ADT.LITR.ZS": null,
    "IT.NET.USER.ZS": 94.69380188,
    "IT.NET.BBND.P2": 38.8571729185246,
    "EG.ELC.ACCS.ZS": 100.0,
    "IT.CEL.SETS.P2": 113.190481805755,
    "SP.URB.TOTL.IN.ZS": 80.1247798047184,
    "EG.ELC.RNEW.ZS": null,
    "SE.PRM.ENRR": 96.9717330932617,
    "NY.GDP.PCAP.PP.KD": 75489.2664334817,
    "SL.UEM.TOTL.ZS": 4.198,
    "NY.GDP.MKTP.KD.ZG": 2.79300127716779,
    "AG.LND.FRST.ZS": 33.8669264120375,
    "NY.ADJ.SVNG.GN.ZS": 4.30463485067361,
    "EG.FEC.RNEW.ZS": 10.9,
    "GOV_WGI_CC.EST": 1.0868914,
    "GOV_WGI_GE.EST": 1.3599787,
    "GOV_WGI_RL.EST": 0.9617896,
    "EN.ATM.CO2E.KT": null,
    "SP.POP.TOTL": 340110988.0
  }
}